admin, adm1n
ramy, ram2
marvin, marv1n
brother, brothe3
fenton, f1nton
tommy, tomm1
mathew, math1w
lizzy, lizz1
marky, mark1
golag, golag1
jake, jake1
tom, Tom1
josh, Josh2
ryan, ryan1
freddy, freddy1